Date,Close,Signal,Prob_Up,Strat_Return,Equity_Strat,Equity_BnH
2023-09-29,1305.9259033203125,0,0.48813659366597745,0.0,100.0,100.0
2023-10-03,1304.6068115234375,0,0.515111588958842,-0.0,100.0,99.8989918345657
2023-10-04,1314.022705078125,0,0.44483502592461466,0.0,100.0,100.62000468305486
2023-10-05,1331.399169921875,0,0.4324248569790012,0.0,100.0,101.9505904995679
2023-10-06,1345.2733154296875,0,0.4863644630748753,0.0,100.0,103.01298963511898
2023-10-09,1342.3165283203125,0,0.4445500068759683,-0.0,100.0,102.7865765513554
2023-10-10,1360.239013671875,0,0.44438229995451733,0.0,100.0,104.15897335472644
2023-10-11,1359.556640625,0,0.4383118018432049,-0.0,100.0,104.10672130542255
2023-10-12,1333.264404296875,0,0.4523556341526439,-0.0,100.0,102.09341899927509
2023-10-13,1302.013916015625,0,0.3946627583101898,-0.0,100.0,99.70044339462586
2023-10-16,1304.7431640625,0,0.5009449401574921,0.0,100.0,99.90943289701157
2023-10-17,1312.294189453125,0,0.43252554675522764,0.0,100.0,100.48764528803824
2023-10-18,1310.5657958984375,0,0.44342264278603377,-0.0,100.0,100.35529524043653
2023-10-19,1304.288330078125,0,0.4491578805415798,-0.0,100.0,99.8746044290856
2023-10-20,1298.465576171875,0,0.5133480082616646,-0.0,100.0,99.42873273824574
2023-10-23,1281.544189453125,0,0.48004193971995457,-0.0,100.0,98.13299408448847
2023-10-25,1262.560302734375,0,0.5119129204756055,-0.0,100.0,96.6793215085419
2023-10-26,1252.7919921875,0,0.5208374625623571,-0.0,100.0,95.9313226732298
2023-10-27,1272.0521240234375,0,0.48067329799189,0.0,100.0,97.40614844910029
2023-10-30,1269.0111083984375,0,0.4626395512698321,-0.0,100.0,97.17328564905411
2023-10-31,1261.039794921875,0,0.5139493246419976,-0.0,100.0,96.5628901085188
2023-11-01,1247.90771484375,1,0.5636225388407018,-0.0,100.0,95.55731390815883
2023-11-02,1262.6524658203125,0,0.5480191648141725,0.011815578028066431,101.18155780280664,96.68637880679313
2023-11-03,1280.0697021484375,0,0.4592472668731458,0.0,101.18155780280664,98.02008665988355
2023-11-06,1293.20166015625,0,0.4677249240274915,0.0,101.18155780280664,99.0256535128286
2023-11-07,1294.1231689453125,0,0.45125767310844533,0.0,101.18155780280664,99.09621714792608
2023-11-08,1281.86669921875,0,0.47906993467585124,-0.0,101.18155780280664,98.15768995466033
2023-11-09,1266.9376220703125,0,0.4523692386681646,-0.0,101.18155780280664,97.01451045952356
2023-11-10,1261.4544677734375,0,0.4793173395671157,-0.0,101.18155780280664,96.59464327694191
2023-11-13,1265.7857666015625,0,0.5266522939134114,0.0,101.18155780280664,96.92630825250544
2023-11-15,1299.836669921875,0,0.5008388086149199,0.0,101.18155780280664,99.5337229024284
2023-11-16,1331.5377197265625,0,0.3772650407308114,0.0,101.18155780280664,101.96119981548202
2023-11-17,1324.764404296875,0,0.4470652346549522,-0.0,101.18155780280664,101.44253980479792
2023-11-20,1323.8890380859375,0,0.5337167299829314,-0.0,101.18155780280664,101.37550949253351
2023-11-21,1326.1007080078125,1,0.5807892591531973,0.0,101.18155780280664,101.54486595573344
2023-11-22,1343.4256591796875,0,0.5173685897069429,0.013064581797789687,102.50345254114919,102.87150716315772
2023-11-23,1335.5465087890625,0,0.5487340461505997,-0.0,102.50345254114919,102.26816892087368
2023-11-24,1324.626220703125,1,0.5780561490637923,-0.0,102.50345254114919,101.43195853112852
2023-11-28,1329.5103759765625,1,0.5600710678876727,0.0036871950721653057,102.88140276623885,101.80595794878458
2023-11-29,1345.08447265625,1,0.5674480392896504,0.011714159559114368,104.08657193390809,102.99852918426512
2023-11-30,1340.983642578125,1,0.5620133962993401,-0.003048752819238776,103.76923770427967,102.68451212803716
2023-12-01,1338.357177734375,1,0.5890155144969139,-0.0019586106499408507,103.56599417017584,102.4833931489992
2023-12-04,1349.4619140625,1,0.571294303368993,0.008297289029318478,104.42531115741451,103.33372748266171
2023-12-05,1339.8775634765625,1,0.5642579773228954,-0.007102349822592724,103.68364606724145,102.59981520160738
2023-12-06,1358.6312255859375,0,0.5089317257261726,0.013996549103124867,105.13485931061261,104.03585855304823
2023-12-07,1350.89013671875,1,0.5755068251449311,-0.0,105.13485931061261,103.44309223701866
2023-12-08,1374.1593017578125,0,0.5277981722083094,0.01722506102204746,106.94581367778228,105.2249058131106
2023-12-11,1371.7171630859375,0,0.5281464078278075,-0.0,106.94581367778228,105.03790143057512
2023-12-12,1360.243896484375,1,0.5718170676011645,-0.0,106.94581367778228,104.15934725132254
2023-12-13,1335.316162109375,0,0.5084738043349198,-0.018325929959639664,104.98593218684658,102.25053034895302
2023-12-14,1383.6510009765625,0,0.5413907853622831,0.0,104.98593218684658,105.95172340625408
2023-12-15,1454.5638427734375,0,0.33311431938110014,0.0,104.98593218684658,111.38180497647024
2023-12-18,1441.6160888671875,0,0.4539114770308672,-0.0,104.98593218684658,110.39034337261273
2023-12-19,1436.0406494140625,0,0.4896032519419079,-0.0,104.98593218684658,109.96340954436494
2023-12-20,1415.85888671875,0,0.5412054520633477,-0.0,104.98593218684658,108.41801078598208
2023-12-21,1415.4903564453125,0,0.49701755267989006,-0.0,104.98593218684658,108.38979094039203
2023-12-22,1440.2799072265625,0,0.38103262486247697,0.0,104.98593218684658,110.28802656909214
2023-12-26,1422.8167724609375,0,0.4943601669891159,-0.0,104.98593218684658,108.95080408799845
2023-12-27,1444.1502685546875,0,0.46341012267298975,0.0,104.98593218684658,110.58439570598455
2023-12-28,1440.0494384765625,0,0.5061447587069638,-0.0,104.98593218684658,110.27037864975657
2023-12-29,1421.8489990234375,0,0.532138176126561,-0.0,104.98593218684658,108.87669778265298
2024-01-01,1429.635986328125,0,0.49774374223258216,0.0,104.98593218684658,109.47297872668582
2024-01-02,1414.015869140625,1,0.5696091634953988,-0.0,104.98593218684658,108.2768835157871
2024-01-03,1373.0994873046875,0,0.5248233825963874,-0.028936296069155598,101.94802816999169,105.1437515569288
2024-01-04,1394.0184326171875,0,0.5077145598108928,0.0,101.94802816999169,106.74559935390671
2024-01-05,1412.31103515625,0,0.5096402790143624,0.0,101.94802816999169,108.14633751926152
2024-01-08,1403.3260498046875,0,0.5419121336206205,-0.0,101.94802816999169,107.45832104537752
2024-01-09,1409.316162109375,0,0.5472773309182989,0.0,101.94802816999169,107.91700804204842
2024-01-10,1400.653564453125,1,0.5999625020773462,-0.0,101.94802816999169,107.25367809092138
2024-01-11,1376.9698486328125,1,0.5591582203362557,-0.016909046191989408,100.22418425248307,105.44012069382123
2024-01-12,1486.2188720703125,0,0.5090550459857225,0.07934017113444636,108.17598818288536,113.80575791410567
2024-01-15,1522.4814453125,0,0.4732188585062416,0.0,108.17598818288536,116.58252902722856
2024-01-16,1503.5438232421875,0,0.486284083911837,-0.0,108.17598818288536,115.13239912152994
2024-01-17,1511.51513671875,0,0.4884230230555362,0.0,108.17598818288536,115.74279466206525
2024-01-18,1513.726806640625,1,0.586842355463828,0.0,108.17598818288536,115.91215112526515
2024-01-19,1529.0244140625,0,0.44420402690954464,0.010105923575354225,109.26920645215002,117.08355046599199
2024-01-23,1513.312255859375,0,0.48632086564095517,-0.0,109.26920645215002,115.88040730425695
2024-01-24,1543.9534912109375,0,0.49785832646750106,0.0,109.26920645215002,118.22672996112877
2024-01-25,1538.1475830078125,0,0.5018014736469777,-0.0,109.26920645215002,117.78214821354544
2024-01-29,1526.62841796875,0,0.5016637191123651,-0.0,109.26920645215002,116.90007940628962
2024-01-30,1521.88232421875,0,0.5104686295897568,-0.0,109.26920645215002,116.53665191488807
2024-01-31,1530.591064453125,1,0.5755097133395487,0.0,109.26920645215002,117.2035151888482
2024-02-01,1527.043212890625,0,0.5301590330000904,-0.002317961763201315,109.01592460969857,116.93184192212766
2024-02-02,1560.495361328125,0,0.484427699221253,0.0,109.01592460969857,119.49340750195483
2024-02-05,1554.82763671875,1,0.5988448864611688,-0.0,109.01592460969857,119.0594070280409
2024-02-06,1593.7628173828125,0,0.525091953992627,0.025041477103037613,111.74584438967882,122.04083044303482
2024-02-07,1560.86376953125,1,0.5890591615076873,-0.0,111.74584438967882,119.52161800012999
2024-02-08,1559.34326171875,1,0.6641802841171173,-0.0009741451125850897,111.63698772151494,119.4051866001069
2024-02-09,1538.3780517578125,1,0.6056814460800215,-0.013444897269013767,110.13603989017702,117.79979613288106
2024-02-12,1548.2847900390625,1,0.6693126374417157,0.006439729343466816,110.84528617803102,118.55839493669238
2024-02-13,1552.3857421875,0,0.5322890607653826,0.0026487066041216423,111.13888281956652,118.87242134033526
2024-02-14,1535.4752197265625,1,0.594791640739522,-0.0,111.13888281956652,117.57751460650432
2024-02-15,1544.8291015625,1,0.6195297510354164,0.006091848123477517,111.81592401431628,118.29377896822311
2024-02-16,1568.1441650390625,1,0.5712274253755586,0.015092325392485728,113.5034863236018,120.07910717231832
2024-02-19,1566.39306640625,0,0.5122141793477165,-0.0011166694184452375,113.37674045153732,119.94501850554478
2024-02-20,1553.03076171875,0,0.5094234200140682,-0.0,113.37674045153732,118.92181308067906
2024-02-21,1525.660888671875,0,0.5468583166870243,-0.0,113.37674045153732,116.82599179577406
2024-02-22,1549.4366455078125,0,0.5402277912770862,0.0,113.37674045153732,118.64659714371055
2024-02-23,1545.2896728515625,0,0.5076155275789054,-0.0,113.37674045153732,118.3290467646495
2024-02-26,1529.89990234375,0,0.4916742160311221,-0.0,113.37674045153732,117.15059012567144
2024-02-27,1533.0792236328125,0,0.4924029100993355,0.0,113.37674045153732,117.39404354680194
2024-02-28,1540.129150390625,0,0.5174862306548507,0.0,113.37674045153732,117.93388479965468
2024-02-29,1542.5711669921875,0,0.42512930491190587,0.0,113.37674045153732,118.12087983477527
2024-03-01,1524.8775634765625,0,0.47976409976681506,-0.0,113.37674045153732,116.76600943434603
2024-03-04,1508.75048828125,0,0.4973466494787063,-0.0,113.37674045153732,115.53109440935805
2024-03-05,1480.4591064453125,0,0.5047521784140031,-0.0,113.37674045153732,113.36470948935555
2024-03-06,1490.6422119140625,0,0.44857732088752816,0.0,113.37674045153732,114.14447084050569
2024-03-07,1489.6285400390625,0,0.43771870621287223,-0.0,113.37674045153732,114.06684990715696
2024-03-11,1475.02197265625,0,0.4296864451182354,-0.0,113.37674045153732,112.94836628219207
2024-03-12,1486.4029541015625,0,0.3907269968501044,0.0,113.37674045153732,113.8198538157785
2024-03-13,1484.974853515625,0,0.45626676088612983,-0.0,113.37674045153732,113.71049840883644
2024-03-14,1523.58740234375,0,0.37524971857122863,0.0,113.37674045153732,116.66721660624357
2024-03-15,1505.8016357421875,0,0.44091207125991827,-0.0,113.37674045153732,115.30528890756311
2024-03-18,1476.9111328125,0,0.4531626054271652,-0.0,113.37674045153732,113.09302687522012
2024-03-19,1438.9434814453125,0,0.47748484260202634,-0.0,113.37674045153732,110.18569107074185
2024-03-20,1432.9534912109375,0,0.5235381790151994,-0.0,113.37674045153732,109.72701342148584
2024-03-21,1432.7230224609375,0,0.43797289902828584,-0.0,113.37674045153732,109.70936550215029
2024-03-22,1390.470458984375,0,0.4814893928626129,-0.0,113.37674045153732,106.4739167397714
2024-03-26,1375.5413818359375,0,0.4859522672834278,-0.0,113.37674045153732,105.33073724463462
2024-03-27,1367.431884765625,0,0.5204212085782628,-0.0,113.37674045153732,104.70976043042992
2024-03-28,1380.517822265625,0,0.4524753693856766,0.0,113.37674045153732,105.71180330795681
2024-04-01,1378.12158203125,0,0.5049401999860157,-0.0,113.37674045153732,105.5283135534246
2024-04-02,1366.5103759765625,1,0.5654012393963572,-0.0,113.37674045153732,104.63919679533242
2024-04-03,1364.4830322265625,0,0.5421624543408645,-0.0014835919182473178,113.2085356356862,104.48395492863499
2024-04-04,1370.0582275390625,0,0.5120316464886129,0.0,113.2085356356862,104.91087006205298
2024-04-05,1363.0545654296875,0,0.5337409108981068,-0.0,113.2085356356862,104.37457147944822
2024-04-08,1360.8427734375,0,0.5448977595274669,-0.0,113.2085356356862,104.20520566883337
2024-04-09,1377.56884765625,0,0.5299293172311995,0.0,113.2085356356862,105.48598845874695
2024-04-10,1388.5814208984375,0,0.488051530011908,0.0,113.2085356356862,106.32926549415825
2024-04-12,1368.26123046875,0,0.4845892259284528,-0.0,113.2085356356862,104.77326676727614
2024-04-15,1352.9637451171875,0,0.4923973735103214,-0.0,113.2085356356862,103.60187677396422
2024-04-16,1303.4766845703125,0,0.5395057928976291,-0.0,113.2085356356862,99.81245346740032
2024-04-18,1307.900146484375,0,0.5212585554655724,0.0,113.2085356356862,100.15117574121508
2024-04-19,1300.5279541015625,0,0.4279104219651041,-0.0,113.2085356356862,99.58665731302028
2024-04-22,1320.341064453125,0,0.531962478631527,0.0,113.2085356356862,101.10382687839821
2024-04-23,1329.23388671875,0,0.5085875527164377,0.0,113.2085356356862,101.78478605403099
2024-04-24,1318.498046875,1,0.5800096090650744,-0.0,113.2085356356862,100.96269960820324
2024-04-25,1325.59375,0,0.47472911591120126,0.0053816561517232575,113.81778504791757,101.50604614164432
2024-04-26,1318.0372314453125,1,0.5778399870831797,-0.0,113.81778504791757,100.92741311694704
2024-04-29,1322.1842041015625,0,0.5185656938604022,0.0031463243657408047,114.17589271826849,101.24496349600808
2024-04-30,1309.0982666015625,0,0.4878537748425527,-0.0,114.17589271826849,100.2429206184812
2024-05-02,1303.4766845703125,0,0.5037444190637193,-0.0,114.17589271826849,99.81245346740032
2024-05-03,1305.181640625,0,0.4898264346350894,0.0,114.17589271826849,99.94300881134079
2024-05-06,1314.028564453125,0,0.4921761254048305,0.0,114.17589271826849,100.62045335897032
2024-05-07,1327.8975830078125,0,0.4785988342542948,0.0,114.17589271826849,101.68245990309548
2024-05-08,1315.318603515625,0,0.5282264159408223,-0.0,114.17589271826849,100.71923683965784
2024-05-09,1326.607421875,0,0.4683849656775031,0.0,114.17589271826849,101.58366707499304
2024-05-10,1313.10693359375,0,0.4418766607726753,-0.0,114.17589271826849,100.5498803764579
2024-05-13,1311.7706298828125,0,0.49200479406940395,-0.0,114.17589271826849,100.44755422552241
2024-05-14,1312.922607421875,0,0.5056001307325846,0.0,114.17589271826849,100.53576577995544
2024-05-15,1308.545166015625,0,0.5414834783723972,-0.0,114.17589271826849,100.20056748155885
2024-05-16,1339.3248291015625,0,0.5369377253988061,0.0,114.17589271826849,102.55749010692989
2024-05-17,1330.98486328125,0,0.4798548226335758,-0.0,114.17589271826849,101.91886537338964
2024-05-21,1321.6312255859375,0,0.5122632556972043,-0.0,114.17589271826849,101.20261970650066
2024-05-22,1340.6611328125,0,0.5301105337964743,0.0,114.17589271826849,102.6598162578654
2024-05-23,1356.88037109375,0,0.48668809186403794,0.0,114.17589271826849,103.90178858110461
2024-05-24,1350.15283203125,0,0.45789651698975753,-0.0,114.17589271826849,103.38663385100888
2024-05-27,1355.9124755859375,1,0.5578390946199375,0.0,114.17589271826849,103.82767292834426
2024-05-28,1351.949951171875,1,0.5772521301918367,-0.002922404274177226,113.84222460138062,103.52424649320058
2024-05-29,1337.1131591796875,1,0.557775838814276,-0.010974364827134986,112.59287849587243,102.38813364372994
2024-05-30,1315.4569091796875,0,0.536350171086173,-0.0161962731810118,110.76929347751681,100.72982746074214
2024-05-31,1322.459716796875,1,0.5906370600410054,0.0,110.76929347751681,101.26606061144257
2024-06-03,1321.5198974609375,1,0.6054537568290062,-0.0007106600858994838,110.69057416189905,101.19409486410973
2024-06-04,1310.0050048828125,0,0.483604901459891,-0.008713370566912237,109.72608617096213,100.31235321637546
2024-06-05,1344.2672119140625,0,0.5193445906065274,0.0,109.72608617096213,102.93594824149433
2024-06-06,1383.8875732421875,0,0.4771176464734687,0.0,109.72608617096213,105.96983869633485
2024-06-07,1441.555419921875,0,0.332450390733078,0.0,109.72608617096213,110.38569770740641
2024-06-10,1409.737060546875,1,0.5559615853519734,-0.0,109.72608617096213,107.94923792863167
2024-06-11,1405.97705078125,1,0.6591490327320714,-0.0026671709717033254,109.43342793908832,107.66131885481092
2024-06-12,1396.060302734375,1,0.6268713135375787,-0.007053278744034053,108.66156346791878,106.90195356297761
2024-06-13,1404.2850341796875,1,0.6100805746387135,0.00589138694739999,109.30173078461776,107.5317543368501
2024-06-14,1399.5382080078125,0,0.5354045207894687,-0.003380244078900918,108.93226425631943,107.16827076095913
2024-06-18,1408.280029296875,1,0.6060535854069349,0.0,108.93226425631943,107.83766718435777
2024-06-19,1420.640625,0,0.5402022802256112,0.008777086549538238,109.88837216773433,108.78416772253516
2024-06-20,1424.4476318359375,0,0.5479799802940553,0.0,109.88837216773433,109.07568555109329
2024-06-21,1440.7093505859375,1,0.5757608066892177,0.0,109.88837216773433,110.3209107747185
2024-06-24,1435.4925537109375,1,0.6221096679417232,-0.0036209918904728244,109.49046726325771,109.92143965145367
2024-06-25,1449.404296875,1,0.5537184802984753,0.00969126807944698,110.55156873364984,110.98671779079466
2024-06-26,1448.2291259765625,1,0.581021134962726,-0.0008107957876013483,110.46193398740786,110.89673022753017
2024-06-27,1478.9195556640625,0,0.49696955662121023,0.02119169483406491,112.80280958324964,113.2468198926076
2024-06-28,1472.7156982421875,1,0.5692195582074674,-0.0,112.80280958324964,112.77176557244275
2024-07-01,1495.3223876953125,0,0.4882032053886715,0.015350341875290718,114.53437127484585,114.50285072785988
2024-07-02,1523.7567138671875,0,0.45439755727972914,0.0,114.53437127484585,116.68018147071297
2024-07-03,1529.7257080078125,0,0.5268375381738005,0.0,114.53437127484585,117.1372513646058
2024-07-04,1551.5802001953125,0,0.44384330826141866,0.0,114.53437127484585,118.81073774939495
2024-07-05,1548.572265625,0,0.5023686832634572,-0.0,114.53437127484585,118.58040809878729
2024-07-08,1561.9200439453125,0,0.4627872358198744,0.0,114.53437127484585,119.60250118127964
2024-07-09,1557.68994140625,0,0.47916486299147826,-0.0,114.53437127484585,119.27858521267012
2024-07-10,1549.32421875,0,0.5052087939833723,-0.0,114.53437127484585,118.63798817458549
2024-07-11,1553.5069580078125,0,0.47604236541519623,0.0,114.53437127484585,118.9582773462129
2024-07-12,1609.0130615234375,0,0.37835631240324535,0.0,114.53437127484585,123.20860298677955
2024-07-15,1604.59521484375,0,0.47206101909178116,-0.0,114.53437127484585,122.8703106940503
2024-07-16,1622.454833984375,0,0.4290597287901315,0.0,114.53437127484585,124.23789357874668
2024-07-18,1652.5343017578125,0,0.38683218496320637,0.0,114.53437127484585,126.54119943223812
2024-07-19,1685.339599609375,0,0.5361842683889371,0.0,114.53437127484585,129.05323306049797
2024-07-22,1702.165283203125,0,0.4115922247324609,0.0,114.53437127484585,130.34164334097184
2024-07-23,1726.6517333984375,0,0.41287789853525003,0.0,114.53437127484585,132.21666933846953
2024-07-24,1723.8787841796875,0,0.45830716296503643,-0.0,114.53437127484585,132.00433346154884
2024-07-25,1715.3248291015625,0,0.4401938853661921,-0.0,114.53437127484585,131.34932270968483
2024-07-26,1766.1309814453125,0,0.3164303863675222,0.0,114.53437127484585,135.23975418168303
2024-07-29,1758.7991943359375,0,0.4797490960126698,-0.0,114.53437127484585,134.67832974782087
2024-07-30,1764.48583984375,0,0.44951960448800204,0.0,114.53437127484585,135.11377907104466
2024-07-31,1756.1202392578125,0,0.4557973851627251,-0.0,114.53437127484585,134.4731913803749
2024-08-01,1741.4095458984375,0,0.5081785795641981,-0.0,114.53437127484585,133.34673441049836
2024-08-02,1711.8939208984375,0,0.4574538033336428,-0.0,114.53437127484585,131.08660426644067
2024-08-05,1646.7532958984375,0,0.4819444349115423,-0.0,114.53437127484585,126.09852455729482
2024-08-06,1646.0013427734375,0,0.4964360005254902,-0.0,114.53437127484585,126.04094448149664
2024-08-07,1684.1175537109375,0,0.5102783305461371,0.0,114.53437127484585,128.959656089911
2024-08-08,1638.528564453125,0,0.5457291751601815,-0.0,114.53437127484585,125.46872378342233
2024-08-09,1664.4720458984375,0,0.5409772050396393,0.0,114.53437127484585,127.45532052519391
2024-08-12,1689.5223388671875,1,0.568769091678266,0.0,114.53437127484585,129.37352223212534
2024-08-13,1689.5694580078125,1,0.6227887495051792,2.7889030846717233e-05,114.53756552745935,129.37713033427764
2024-08-14,1713.8209228515625,0,0.4805874378406952,0.014353635909319262,116.18159604098031,131.2341625580884
2024-08-16,1747.378173828125,1,0.5850097772162864,0.0,116.18159604098031,133.80377626214644
2024-08-19,1752.8773193359375,0,0.48119086353902735,0.003147083779674986,116.54722925737761,134.22486795608032
2024-08-20,1759.8330078125,0,0.4556725785191932,0.0,116.54722925737761,134.75749300462846
2024-08-21,1760.302978515625,0,0.4937521294064797,0.0,116.54722925737761,134.7934805520023
2024-08-22,1767.3997802734375,0,0.4824796959400054,0.0,116.54722925737761,135.3369112121775
2024-08-23,1750.3392333984375,0,0.459986739503315,-0.0,116.54722925737761,134.03051650543162
2024-08-26,1763.5460205078125,0,0.4613090946600841,0.0,116.54722925737761,135.0418133237118
2024-08-27,1786.0584716796875,0,0.45925077299661593,0.0,116.54722925737761,136.76568227482434
2024-08-28,1822.7177734375,0,0.41171724729531517,0.0,116.54722925737761,139.5728324863797
2024-08-29,1817.3128662109373,0,0.43993920583238444,-0.0,116.54722925737761,139.15895699675042
2024-08-30,1827.0416259765625,0,0.504291326558577,0.0,116.54722925737761,139.90392726963418
2024-09-02,1846.5933837890625,0,0.47285094911813136,0.0,116.54722925737761,141.40108401970627
2024-09-03,1824.73876953125,1,0.5520060169260002,-0.0,116.54722925737761,139.72758828750221
2024-09-04,1807.0670166015625,0,0.4896302638910519,-0.009684538534919795,115.4185231244964,138.3743910743405
2024-09-05,1817.1248779296875,0,0.5311886731657814,0.0,115.4185231244964,139.14456197780086
2024-09-06,1787.7034912109375,0,0.5153617875747102,-0.0,115.4185231244964,136.89164803804778
2024-09-09,1780.9356689453125,0,0.5040386525993034,-0.0,115.4185231244964,136.37340866103426
2024-09-10,1797.5263671875,0,0.5385470639706842,0.0,115.4185231244964,137.6438251678212
2024-09-11,1795.50537109375,1,0.5885151428130045,-0.0,115.4185231244964,137.48906936669866
2024-09-12,1833.3865966796875,0,0.49261813986425734,0.021097806888130677,117.85360083669028,140.3897872014261
2024-09-13,1827.4176025390625,1,0.5638189920204139,-0.0,117.85360083669028,139.93271730753324
2024-09-16,1833.1986083984373,1,0.570277672808647,0.0031634837331886434,118.22642878583484,140.37539218247653
2024-09-17,1835.3604736328125,1,0.5544998247406816,0.0011792858801391581,118.36585154396127,140.5409349003963
2024-09-18,1778.5855712890625,0,0.5149952832783259,-0.030933924512045796,114.70433122749635,136.19345222933512
2024-09-19,1780.5125732421875,1,0.5680202873131813,0.0,114.70433122749635,136.34101052098288
2024-09-20,1791.3695068359375,1,0.5526662792251159,0.0060976450022929285,115.40375751954703,137.1723696023937
2024-09-23,1782.6275634765625,0,0.49665055871078645,-0.004880033586602495,114.84058330683152,136.50296383158016
2024-09-24,1784.6485595703125,0,0.44732219549932084,0.0,114.84058330683152,136.6577196327027
2024-09-25,1781.546630859375,0,0.5041244552736567,-0.0,114.84058330683152,136.42019247262027
2024-09-26,1786.199462890625,0,0.47309979508533195,0.0,114.84058330683152,136.77647853903645
2024-09-27,1792.3094482421875,0,0.467454371532442,0.0,114.84058330683152,137.24434469714143
2024-09-30,1763.0289306640625,0,0.49563296794061135,-0.0,114.84058330683152,135.00221767418557
2024-10-01,1790.0533447265625,0,0.5035657470206109,0.0,114.84058330683152,137.07158577491705
2024-10-03,1779.7606201171875,0,0.48517946265014905,-0.0,114.84058330683152,136.28343044518465
2024-10-04,1803.025146484375,0,0.4674125784547907,0.0,114.84058330683152,138.06488881951032
2024-10-07,1818.2060546875,0,0.5369523939263159,0.0,114.84058330683152,139.22735203159053
2024-10-08,1831.6005859375,0,0.5342593245935136,0.0,114.84058330683152,140.25302517399047
2024-10-09,1835.548583984375,0,0.523180296275547,0.0,114.84058330683152,140.55533926676077
2024-10-10,1803.8240966796875,0,0.5379605257034009,-0.0,114.84058330683152,138.12606765004588
2024-10-11,1818.957763671875,0,0.5334150053588372,0.0,114.84058330683152,139.28491341255892
2024-10-14,1841.32958984375,0,0.535250086149844,0.0,114.84058330683152,140.99801414170398
2024-10-15,1841.70556640625,0,0.49807681672042525,0.0,114.84058330683152,141.0268041796031
2024-10-16,1804.858154296875,0,0.5094944223539472,-0.0,114.84058330683152,138.20524960168328
2024-10-17,1849.977294921875,1,0.5827722561198113,0.0,114.84058330683152,141.66020370821295
2024-10-18,1766.788818359375,0,0.5135828723394025,-0.04496729597214488,109.67651280765946,135.29012740059142
2024-10-21,1741.5504150390625,1,0.6083268442500896,-0.0,109.67651280765946,133.35752132729553
2024-10-22,1740.4693603515625,1,0.6134198874647929,-0.0006207426889078826,109.60843191418921,133.27474062092074
2024-10-23,1760.9609375,1,0.5974727001202571,0.011773592580968106,110.89891693498566,134.84386311832566
2024-10-24,1751.51416015625,0,0.5231042299216228,-0.005364558146963461,110.30399324665265,134.12048537386622
2024-10-25,1750.292236328125,1,0.6106131626692023,-0.0,110.30399324665265,134.02691775069417
2024-10-28,1753.3941650390625,1,0.5929168244119599,0.0017722347426079033,110.49947781573275,134.2644449107766
2024-10-29,1748.59326171875,1,0.607584756155273,-0.00273806279046529,110.19692330715965,133.89682043008392
2024-10-30,1713.2276611328125,1,0.5642599762971608,-0.02022517263458712,107.96817150947197,131.18873412166317
2024-10-31,1670.589599609375,1,0.6247541565016121,-0.024887563101359533,105.28110682809158,127.9237662230228
2024-11-01,1674.011962890625,1,0.5700918484083655,0.00204859606575436,105.49678528933785,128.18583034722374
2024-11-04,1676.674072265625,0,0.42897776065681603,0.001590257079407742,105.66455229899898,128.38967877141317
2024-11-05,1667.6900634765625,0,0.4898345796393717,-0.0,105.66455229899898,127.70173707684837
2024-11-06,1733.762451171875,0,0.41560886089364185,0.0,105.66455229899898,132.76116560394348
2024-11-07,1714.1309814453125,0,0.4993489881942962,-0.0,105.66455229899898,131.2579049919402
2024-11-08,1739.7042236328125,0,0.4617358885702444,0.0,105.66455229899898,133.2161510243131
2024-11-11,1768.367431640625,0,0.4152694632576576,0.0,105.66455229899898,135.41100817010798
2024-11-12,1776.638427734375,0,0.5278474696643319,0.0,105.66455229899898,136.04435161422842
2024-11-13,1776.2581787109375,0,0.3959212965464214,-0.0,105.66455229899898,136.01523441680777
2024-11-14,1772.59814453125,0,0.4958607434850327,-0.0,105.66455229899898,135.73497087579202
2024-11-18,1722.11669921875,0,0.4581263482210056,-0.0,105.66455229899898,131.86940352743395
2024-11-19,1734.7608642578125,0,0.49622469361790433,0.0,105.66455229899898,132.8376181104294
2024-11-21,1743.6021728515625,0,0.4828062458008224,0.0,105.66455229899898,133.5146326769734
2024-11-22,1808.438720703125,0,0.37267514955938086,0.0,105.66455229899898,138.47942797559762
2024-11-25,1796.507568359375,0,0.4352054356230641,-0.0,105.66455229899898,137.56581164304652
2024-11-26,1829.2587890625,0,0.4722872673206974,0.0,105.66455229899898,140.07370436650464
2024-11-27,1829.591552734375,0,0.5028551607523092,0.0,105.66455229899898,140.0991854195283
2024-11-28,1765.0875244140625,1,0.580297504933861,-0.0,105.66455229899898,135.159852479098
2024-11-29,1766.2283935546875,0,0.5212362354412851,0.000646352730300892,105.73284887087347,135.24721341877492
2024-12-02,1787.0960693359375,1,0.5594203237338276,0.0,105.73284887087347,136.84513530149385
2024-12-03,1798.7894287109375,1,0.5554011113305793,0.006543218115490079,106.42468196300774,137.74054286981527
2024-12-04,1796.0799560546875,0,0.5412221522467021,-0.0015062756168139346,106.26437705953968,137.53306764864374
2024-12-05,1839.4310302734373,1,0.5710657757712053,0.0,106.26437705953968,140.85263379772846
2024-12-06,1827.5950927734373,1,0.6175025346180791,-0.006434564441505919,105.58061207751359,139.94630844880115
2024-12-09,1828.7835693359373,1,0.5840487778150779,0.0006502953346720908,105.64927065697943,140.03731488028995
2024-12-10,1852.4554443359373,1,0.6062855186927499,0.012944054942814143,107.0168006210316,141.8499655781446
2024-12-11,1876.79296875,1,0.6033696131124647,0.013137980990839626,108.42278531329119,143.71358772946152
2024-12-12,1889.0093994140625,0,0.5161131774858659,0.00650920525997023,109.1285314777531,144.6490489706393
2024-12-13,1901.0828857421875,0,0.5004440786900343,0.0,109.1285314777531,145.57356438896653
2024-12-16,1882.402099609375,1,0.6116928901388917,-0.0,109.1285314777531,144.14310144422237
2024-12-17,1879.1220703125,1,0.5816854429304384,-0.0017424700586318176,108.93837827911067,143.89193640579748
2024-12-18,1881.54638671875,0,0.5289972031653523,0.0012901324743883613,109.07892321863575,144.07757606575723
2024-12-19,1850.22119140625,0,0.5181029777134091,-0.0,109.07892321863575,141.67887984318781
2024-12-20,1827.3575439453125,1,0.5505267359219996,-0.0,109.07892321863575,139.92811837940133
2024-12-23,1829.4013671875,1,0.5737453946662974,0.001118458316468729,109.20092344746108,140.0846221471106
2024-12-24,1814.9034423828125,0,0.4619067010097661,-0.007924955706672732,108.3355109660122,138.97445772140875
2024-12-26,1813.3348388671875,0,0.5224082709949003,-0.0,108.3355109660122,138.85434343991417
2024-12-27,1822.2237548828125,0,0.4944162168754963,0.0,108.3355109660122,139.53500349827007
2024-12-30,1812.00390625,0,0.4926952636330466,-0.0,108.3355109660122,138.75242857523435
